id,value
1,value-1
2,value-2
3,value-3
4,value-4
5,value-5
6,value-6
7,value-7
8,value-8
9,value-9
10,value-10
11,value-11
12,value-12
13,value-13
14,value-14
15,value-15
16,value-16
17,value-17
18,value-18
19,value-19
20,value-20
21,value-21
22,value-22
23,value-23
24,value-24
25,value-25
26,value-26
27,value-27
28,value-28
29,value-29
30,value-30
31,value-31
32,value-32
33,value-33
34,value-34
35,value-35
36,value-36
37,value-37
38,value-38
39,value-39
40,value-40
41,value-41
42,value-42
43,value-43
44,value-44
45,value-45
46,value-46
47,value-47
48,value-48
49,value-49
50,value-50
51,value-51
52,value-52
53,value-53
54,value-54
55,value-55
56,value-56
57,value-57
58,value-58
59,value-59
60,value-60
61,value-61
62,value-62
63,value-63
64,value-64
65,value-65
66,value-66
67,value-67
68,value-68
69,value-69
70,value-70
71,value-71
72,value-72
73,value-73
74,value-74
75,value-75
76,value-76
77,value-77
78,value-78
79,value-79
80,value-80
81,value-81
82,value-82
83,value-83
84,value-84
85,value-85
86,value-86
87,value-87
88,value-88
89,value-89
90,value-90
91,value-91
92,value-92
93,value-93
94,value-94
95,value-95
96,value-96
97,value-97
98,value-98
99,value-99
100,value-100
101,value-101
102,value-102
103,value-103
104,value-104
105,value-105
106,value-106
107,value-107
108,value-108
109,value-109
110,value-110
111,value-111
112,value-112
113,value-113
114,value-114
115,value-115
116,value-116
117,value-117
118,value-118
119,value-119
120,value-120
121,value-121
122,value-122
123,value-123
124,value-124
125,value-125
126,value-126
127,value-127
128,value-128
129,value-129
130,value-130
131,value-131
132,value-132
133,value-133
134,value-134
135,value-135
136,value-136
137,value-137
138,value-138
139,value-139
140,value-140
141,value-141
142,value-142
143,value-143
144,value-144
145,value-145
146,value-146
147,value-147
148,value-148
149,value-149
150,value-150
151,value-151
152,value-152
153,value-153
154,value-154
155,value-155
156,value-156
157,value-157
158,value-158
159,value-159
160,value-160
161,value-161
162,value-162
163,value-163
164,value-164
165,value-165
166,value-166
167,value-167
168,value-168
169,value-169
170,value-170
171,value-171
172,value-172
173,value-173
174,value-174
175,value-175
176,value-176
177,value-177
178,value-178
179,value-179
180,value-180
181,value-181
182,value-182
183,value-183
184,value-184
185,value-185
186,value-186
187,value-187
188,value-188
189,value-189
190,value-190
191,value-191
192,value-192
193,value-193
194,value-194
195,value-195
196,value-196
197,value-197
198,value-198
199,value-199
200,value-200
201,value-201
202,value-202
203,value-203
204,value-204
205,value-205
206,value-206
207,value-207
208,value-208
209,value-209
210,value-210
211,value-211
212,value-212
213,value-213
214,value-214
215,value-215
216,value-216
217,value-217
218,value-218
219,value-219
220,value-220
221,value-221
222,value-222
223,value-223
224,value-224
225,value-225
226,value-226
227,value-227
228,value-228
229,value-229
230,value-230
231,value-231
232,value-232
233,value-233
234,value-234
235,value-235
236,value-236
237,value-237
238,value-238
239,value-239
240,value-240
241,value-241
242,value-242
243,value-243
244,value-244
245,value-245
246,value-246
247,value-247
248,value-248
249,value-249
250,value-250
251,value-251
252,value-252
253,value-253
254,value-254
255,value-255
256,value-256
257,value-257
258,value-258
259,value-259
260,value-260
261,value-261
262,value-262
263,value-263
264,value-264
265,value-265
266,value-266
267,value-267
268,value-268
269,value-269
270,value-270
271,value-271
272,value-272
273,value-273
274,value-274
275,value-275
276,value-276
277,value-277
278,value-278
279,value-279
280,value-280
281,value-281
282,value-282
283,value-283
284,value-284
285,value-285
286,value-286
287,value-287
288,value-288
289,value-289
290,value-290
291,value-291
292,value-292
293,value-293
294,value-294
295,value-295
296,value-296
297,value-297
298,value-298
299,value-299
300,value-300
301,value-301
302,value-302
303,value-303
304,value-304
305,value-305
306,value-306
307,value-307
308,value-308
309,value-309
310,value-310
311,value-311
312,value-312
313,value-313
314,value-314
315,value-315
316,value-316
317,value-317
318,value-318
319,value-319
320,value-320
321,value-321
322,value-322
323,value-323
324,value-324
325,value-325
326,value-326
327,value-327
328,value-328
329,value-329
330,value-330
331,value-331
332,value-332
333,value-333
334,value-334
335,value-335
336,value-336
337,value-337
338,value-338
339,value-339
340,value-340
341,value-341
342,value-342
343,value-343
344,value-344
345,value-345
346,value-346
347,value-347
348,value-348
349,value-349
350,value-350
351,value-351
352,value-352
353,value-353
354,value-354
355,value-355
356,value-356
357,value-357
358,value-358
359,value-359
360,value-360
361,value-361
362,value-362
363,value-363
364,value-364
365,value-365
366,value-366
367,value-367
368,value-368
369,value-369
370,value-370
371,value-371
372,value-372
373,value-373
374,value-374
375,value-375
376,value-376
377,value-377
378,value-378
379,value-379
380,value-380
381,value-381
382,value-382
383,value-383
384,value-384
385,value-385
386,value-386
387,value-387
388,value-388
389,value-389
390,value-390
391,value-391
392,value-392
393,value-393
394,value-394
395,value-395
396,value-396
397,value-397
398,value-398
399,value-399
400,value-400
401,value-401
402,value-402
403,value-403
404,value-404
405,value-405
406,value-406
407,value-407
408,value-408
409,value-409
410,value-410
411,value-411
412,value-412
413,value-413
414,value-414
415,value-415
416,value-416
417,value-417
418,value-418
419,value-419
420,value-420
421,value-421
422,value-422
423,value-423
424,value-424
425,value-425
426,value-426
427,value-427
428,value-428
429,value-429
430,value-430
431,value-431
432,value-432
433,value-433
434,value-434
435,value-435
436,value-436
437,value-437
438,value-438
439,value-439
440,value-440
441,value-441
442,value-442
443,value-443
444,value-444
445,value-445
446,value-446
447,value-447
448,value-448
449,value-449
450,value-450
451,value-451
452,value-452
453,value-453
454,value-454
455,value-455
456,value-456
457,value-457
458,value-458
459,value-459
460,value-460
461,value-461
462,value-462
463,value-463
464,value-464
465,value-465
466,value-466
467,value-467
468,value-468
469,value-469
470,value-470
471,value-471
472,value-472
473,value-473
474,value-474
475,value-475
476,value-476
477,value-477
478,value-478
479,value-479
480,value-480
481,value-481
482,value-482
483,value-483
484,value-484
485,value-485
486,value-486
487,value-487
488,value-488
489,value-489
490,value-490
491,value-491
492,value-492
493,value-493
494,value-494
495,value-495
496,value-496
497,value-497
498,value-498
499,value-499
500,value-500
501,value-501
502,value-502
503,value-503
504,value-504
505,value-505
506,value-506
507,value-507
508,value-508
509,value-509
510,value-510
511,value-511
512,value-512
513,value-513
514,value-514
515,value-515
516,value-516
517,value-517
518,value-518
519,value-519
520,value-520
521,value-521
522,value-522
523,value-523
524,value-524
525,value-525
526,value-526
527,value-527
528,value-528
529,value-529
530,value-530
531,value-531
532,value-532
533,value-533
534,value-534
535,value-535
536,value-536
537,value-537
538,value-538
539,value-539
540,value-540
541,value-541
542,value-542
543,value-543
544,value-544
545,value-545
546,value-546
547,value-547
548,value-548
549,value-549
550,value-550
551,value-551
552,value-552
553,value-553
554,value-554
555,value-555
556,value-556
557,value-557
558,value-558
559,value-559
560,value-560
561,value-561
562,value-562
563,value-563
564,value-564
565,value-565
566,value-566
567,value-567
568,value-568
569,value-569
570,value-570
571,value-571
572,value-572
573,value-573
574,value-574
575,value-575
576,value-576
577,value-577
578,value-578
579,value-579
580,value-580
581,value-581
582,value-582
583,value-583
584,value-584
585,value-585
586,value-586
587,value-587
588,value-588
589,value-589
590,value-590
591,value-591
592,value-592
593,value-593
594,value-594
595,value-595
596,value-596
597,value-597
598,value-598
599,value-599
600,value-600
601,value-601
602,value-602
603,value-603
604,value-604
605,value-605
606,value-606
607,value-607
608,value-608
609,value-609
610,value-610
611,value-611
612,value-612
613,value-613
614,value-614
615,value-615
616,value-616
617,value-617
618,value-618
619,value-619
620,value-620
621,value-621
622,value-622
623,value-623
624,value-624
625,value-625
626,value-626
627,value-627
628,value-628
629,value-629
630,value-630
631,value-631
632,value-632
633,value-633
634,value-634
635,value-635
636,value-636
637,value-637
638,value-638
639,value-639
640,value-640
641,value-641
642,value-642
643,value-643
644,value-644
645,value-645
646,value-646
647,value-647
648,value-648
649,value-649
650,value-650
651,value-651
652,value-652
653,value-653
654,value-654
655,value-655
656,value-656
657,value-657
658,value-658
659,value-659
660,value-660
661,value-661
662,value-662
663,value-663
664,value-664
665,value-665
666,value-666
667,value-667
668,value-668
669,value-669
670,value-670
671,value-671
672,value-672
673,value-673
674,value-674
675,value-675
676,value-676
677,value-677
678,value-678
679,value-679
680,value-680
681,value-681
682,value-682
683,value-683
684,value-684
685,value-685
686,value-686
687,value-687
688,value-688
689,value-689
690,value-690
691,value-691
692,value-692
693,value-693
694,value-694
695,value-695
696,value-696
697,value-697
698,value-698
699,value-699
700,value-700
701,value-701
702,value-702
703,value-703
704,value-704
705,value-705
706,value-706
707,value-707
708,value-708
709,value-709
710,value-710
711,value-711
712,value-712
713,value-713
714,value-714
715,value-715
716,value-716
717,value-717
718,value-718
719,value-719
720,value-720
721,value-721
722,value-722
723,value-723
724,value-724
725,value-725
726,value-726
727,value-727
728,value-728
729,value-729
730,value-730
731,value-731
732,value-732
733,value-733
734,value-734
735,value-735
736,value-736
737,value-737
738,value-738
739,value-739
740,value-740
741,value-741
742,value-742
743,value-743
744,value-744
745,value-745
746,value-746
747,value-747
748,value-748
749,value-749
750,value-750
751,value-751
752,value-752
753,value-753
754,value-754
755,value-755
756,value-756
757,value-757
758,value-758
759,value-759
760,value-760
761,value-761
762,value-762
763,value-763
764,value-764
765,value-765
766,value-766
767,value-767
768,value-768
769,value-769
770,value-770
771,value-771
772,value-772
773,value-773
774,value-774
775,value-775
776,value-776
777,value-777
778,value-778
779,value-779
780,value-780
781,value-781
782,value-782
783,value-783
784,value-784
785,value-785
786,value-786
787,value-787
788,value-788
789,value-789
790,value-790
791,value-791
792,value-792
793,value-793
794,value-794
795,value-795
796,value-796
797,value-797
798,value-798
799,value-799
800,value-800
801,value-801
802,value-802
803,value-803
804,value-804
805,value-805
806,value-806
807,value-807
808,value-808
809,value-809
810,value-810
811,value-811
812,value-812
813,value-813
814,value-814
815,value-815
816,value-816
817,value-817
818,value-818
819,value-819
820,value-820
821,value-821
822,value-822
823,value-823
824,value-824
825,value-825
826,value-826
827,value-827
828,value-828
829,value-829
830,value-830
831,value-831
832,value-832
833,value-833
834,value-834
835,value-835
836,value-836
837,value-837
838,value-838
839,value-839
840,value-840
841,value-841
842,value-842
843,value-843
844,value-844
845,value-845
846,value-846
847,value-847
848,value-848
849,value-849
850,value-850
851,value-851
852,value-852
853,value-853
854,value-854
855,value-855
856,value-856
857,value-857
858,value-858
859,value-859
860,value-860
861,value-861
862,value-862
863,value-863
864,value-864
865,value-865
866,value-866
867,value-867
868,value-868
869,value-869
870,value-870
871,value-871
872,value-872
873,value-873
874,value-874
875,value-875
876,value-876
877,value-877
878,value-878
879,value-879
880,value-880
881,value-881
882,value-882
883,value-883
884,value-884
885,value-885
886,value-886
887,value-887
888,value-888
889,value-889
890,value-890
891,value-891
892,value-892
893,value-893
894,value-894
895,value-895
896,value-896
897,value-897
898,value-898
899,value-899
900,value-900
901,value-901
902,value-902
903,value-903
904,value-904
905,value-905
906,value-906
907,value-907
908,value-908
909,value-909
910,value-910
911,value-911
912,value-912
913,value-913
914,value-914
915,value-915
916,value-916
917,value-917
918,value-918
919,value-919
920,value-920
921,value-921
922,value-922
923,value-923
924,value-924
925,value-925
926,value-926
927,value-927
928,value-928
929,value-929
930,value-930
931,value-931
932,value-932
933,value-933
934,value-934
935,value-935
936,value-936
937,value-937
938,value-938
939,value-939
940,value-940
941,value-941
942,value-942
943,value-943
944,value-944
945,value-945
946,value-946
947,value-947
948,value-948
949,value-949
950,value-950
951,value-951
952,value-952
953,value-953
954,value-954
955,value-955
956,value-956
957,value-957
958,value-958
959,value-959
960,value-960
961,value-961
962,value-962
963,value-963
964,value-964
965,value-965
966,value-966
967,value-967
968,value-968
969,value-969
970,value-970
971,value-971
972,value-972
973,value-973
974,value-974
975,value-975
976,value-976
977,value-977
978,value-978
979,value-979
980,value-980
981,value-981
982,value-982
983,value-983
984,value-984
985,value-985
986,value-986
987,value-987
988,value-988
989,value-989
990,value-990
991,value-991
992,value-992
993,value-993
994,value-994
995,value-995
996,value-996
997,value-997
998,value-998
999,value-999
1000,value-1000
1001,value-1001
1002,value-1002
1003,value-1003
1004,value-1004
1005,value-1005
1006,value-1006
1007,value-1007
1008,value-1008
1009,value-1009
1010,value-1010
1011,value-1011
1012,value-1012
1013,value-1013
1014,value-1014
1015,value-1015
1016,value-1016
1017,value-1017
1018,value-1018
1019,value-1019
1020,value-1020
1021,value-1021
1022,value-1022
1023,value-1023
1024,value-1024
1025,value-1025
1026,value-1026
1027,value-1027
1028,value-1028
1029,value-1029
1030,value-1030
1031,value-1031
1032,value-1032
1033,value-1033
1034,value-1034
1035,value-1035
1036,value-1036
1037,value-1037
1038,value-1038
1039,value-1039
1040,value-1040
1041,value-1041
1042,value-1042
1043,value-1043
1044,value-1044
1045,value-1045
1046,value-1046
1047,value-1047
1048,value-1048
1049,value-1049
1050,value-1050
1051,value-1051
1052,value-1052
1053,value-1053
1054,value-1054
1055,value-1055
1056,value-1056
1057,value-1057
1058,value-1058
1059,value-1059
1060,value-1060
1061,value-1061
1062,value-1062
1063,value-1063
1064,value-1064
1065,value-1065
1066,value-1066
1067,value-1067
1068,value-1068
1069,value-1069
1070,value-1070
1071,value-1071
1072,value-1072
1073,value-1073
1074,value-1074
1075,value-1075
1076,value-1076
1077,value-1077
1078,value-1078
1079,value-1079
1080,value-1080
1081,value-1081
1082,value-1082
1083,value-1083
1084,value-1084
1085,value-1085
1086,value-1086
1087,value-1087
1088,value-1088
1089,value-1089
1090,value-1090
1091,value-1091
1092,value-1092
1093,value-1093
1094,value-1094
1095,value-1095
1096,value-1096
1097,value-1097
1098,value-1098
1099,value-1099
1100,value-1100
1101,value-1101
1102,value-1102
1103,value-1103
1104,value-1104
1105,value-1105
1106,value-1106
1107,value-1107
1108,value-1108
1109,value-1109
1110,value-1110
1111,value-1111
1112,value-1112
1113,value-1113
1114,value-1114
1115,value-1115
1116,value-1116
1117,value-1117
1118,value-1118
1119,value-1119
1120,value-1120
1121,value-1121
1122,value-1122
1123,value-1123
1124,value-1124
1125,value-1125
1126,value-1126
1127,value-1127
1128,value-1128
1129,value-1129
1130,value-1130
1131,value-1131
1132,value-1132
1133,value-1133
1134,value-1134
1135,value-1135
1136,value-1136
1137,value-1137
1138,value-1138
1139,value-1139
1140,value-1140
1141,value-1141
1142,value-1142
1143,value-1143
1144,value-1144
1145,value-1145
1146,value-1146
1147,value-1147
1148,value-1148
1149,value-1149
1150,value-1150
1151,value-1151
1152,value-1152
1153,value-1153
1154,value-1154
1155,value-1155
1156,value-1156
1157,value-1157
1158,value-1158
1159,value-1159
1160,value-1160
1161,value-1161
1162,value-1162
1163,value-1163
1164,value-1164
1165,value-1165
1166,value-1166
1167,value-1167
1168,value-1168
1169,value-1169
1170,value-1170
1171,value-1171
1172,value-1172
1173,value-1173
1174,value-1174
1175,value-1175
1176,value-1176
1177,value-1177
1178,value-1178
1179,value-1179
1180,value-1180
1181,value-1181
1182,value-1182
1183,value-1183
1184,value-1184
1185,value-1185
1186,value-1186
1187,value-1187
1188,value-1188
1189,value-1189
1190,value-1190
1191,value-1191
1192,value-1192
1193,value-1193
1194,value-1194
1195,value-1195
1196,value-1196
1197,value-1197
1198,value-1198
1199,value-1199
1200,value-1200